,name,full_text,date,url
0,Andrew Tate,When Allah said ‚ÄòI test only those I love.‚Äô I took the pain like it was an honour - Abu Hurayrah,2023-01-10T20:56:12.000Z,https://twitter.com/Cobratate/status/1612916236643344401
1,Andrew Tate,"Most men are REACTIVE, they respond to problems as they happen. 

You must be PREEMPTIVE at the highest echelons of power.",2023-01-10T15:52:54.000Z,https://twitter.com/Cobratate/status/1612839910234550274
2,Andrew Tate,"Do you deserve to be happy?

Watch the full interview here: 
https://t.co/rS2vYKK2aT https://t.co/t9NI7wOcEj",2023-01-10T14:40:15.000Z,https://twitter.com/Cobratate/status/1612821629251497986
3,Andrew Tate,"""Truth has come and falsehood has vanished. Falsehood is surely bound to vanish.""

[Quran 17:81]",2023-01-09T20:55:04.000Z,https://twitter.com/Cobratate/status/1612553566501085209
4,Andrew Tate,"An Important Video Statement from our Lawyer.

English Translation:
https://t.co/DUfQmh99RX",2023-01-09T13:52:52.000Z,https://twitter.com/Cobratate/status/1612447316140498945
5,Andrew Tate,"The Matrix does not play fair, they play to win.",2023-01-09T12:27:11.000Z,https://twitter.com/Cobratate/status/1612425754473598976
6,Andrew Tate,"An Important Video Statement from our Lawyer.

https://t.co/irES8qw0dn",2023-01-09T11:25:05.000Z,https://twitter.com/Cobratate/status/1612410124429324288
7,Andrew Tate,"The Matrix has attacked me.

But they misunderstand, you cannot kill an idea.

Hard to Kill.

https://t.co/eBRKw7mabU https://t.co/NmO1VbjqCo",2023-01-08T17:08:54.000Z,https://twitter.com/Cobratate/status/1612134259015421952
8,Andrew Tate,It seems every generation's great revolutionaries suffer from unfair imprisonment.,2023-01-08T14:41:31.000Z,https://twitter.com/Cobratate/status/1612097172824096768
9,Andrew Tate,"Every word out of my mouth is self-hypnosis

Watch the full interview here: 
https://t.co/rS2vYKK2aT https://t.co/d8dDz7BXhD",2023-01-08T11:51:45.000Z,https://twitter.com/Cobratate/status/1612054448393826307
10,Andrew Tate,"You said tomorrow, yesterday.",2023-01-08T10:35:22.000Z,https://twitter.com/Cobratate/status/1612035223662764034
11,Andrew Tate,"Mental resilience is trained. 

It is practiced. 

Like all else of virtue. 

You must fortify your mind against negative thoughts. 

I can‚Äôt even remember how it feels to doubt myself.",2023-01-07T21:01:04.000Z,https://twitter.com/Cobratate/status/1611830300744749056
12,Andrew Tate,"Going to jail when guilty of a crime is the life story of a criminal.

Going to jail when completely innocent is the story of a hero.",2023-01-07T15:01:11.000Z,https://twitter.com/Cobratate/status/1611739730470649856
13,Andrew Tate,"I do not believe in things that take away power from me

Watch the full interview here: 
https://t.co/rS2vYKJull https://t.co/NZqJVPYexe",2023-01-07T14:13:45.000Z,https://twitter.com/Cobratate/status/1611727794509062144
14,Andrew Tate,"Your life has been NOTHING but comfort. 

What you think was ‚Äúhard‚Äù is laughably easy to your best version.",2023-01-07T09:51:23.000Z,https://twitter.com/Cobratate/status/1611661769000292353
15,Andrew Tate,"Real work is absolutely admirable. 

Hard-working men make the world go round.",2023-01-06T19:10:33.000Z,https://twitter.com/Cobratate/status/1611440099870314506
16,Andrew Tate,"What can my enemies do to me? 

My paradise is in my heart, it is with me wherever I go.

To imprison me is to provide me with seclusion.

To send me into exile is to send me away in the Path of Allah.

And to kill me is to make me a martyr.

-Ibn Taymiyyah",2023-01-06T15:52:07.000Z,https://twitter.com/Cobratate/status/1611390162935877632
17,Andrew Tate,"The most important factor in determining how successful you are in life 

Watch the full interview here: 
https://t.co/rS2vYKK2aT https://t.co/9sUJYwAg7p",2023-01-06T14:11:25.000Z,https://twitter.com/Cobratate/status/1611364822259740678
18,Andrew Tate,"Your life can be like a movie. 

The mundane, the boring, the average, your life doesn‚Äôt NEED to be this way. 

But every good movie has some sort of risk. 

The heroes of the stories are willing to take them. 

Are you?",2023-01-06T11:17:41.000Z,https://twitter.com/Cobratate/status/1611321100117606402
19,Andrew Tate,"There is no honor in comparing yourself to losers. 

You don‚Äôt want to be a winner amongst losers, 

You want to be a winner amongst winners.",2023-01-05T16:39:32.000Z,https://twitter.com/Cobratate/status/1611039705856081920
20,Andrew Tate,"The paradigm of happiness is completely misunderstood 

Watch the full interview here: https://t.co/ujnmlwW2Wr https://t.co/duY8Aq9MR9",2023-01-05T14:57:03.000Z,https://twitter.com/Cobratate/status/1611013917643350022
21,Andrew Tate,Do you believe Andrew Tate is totally innocent?,2023-01-05T10:16:34.000Z,https://twitter.com/Cobratate/status/1610943329218297856
22,Andrew Tate,"If you‚Äôre truly obsessed with working on yourself. 

You have very little time to find flaws in others.",2023-01-05T09:53:01.000Z,https://twitter.com/Cobratate/status/1610937401781665792
23,Andrew Tate,"Your enemies perpetuate ‚Äújustice‚Äù and ‚Äúcivility‚Äù in a society designed to enslave you. 

You feel sad inside FOR A REASON. 

You can feel something isn‚Äôt right. 

You must escape the Matrix.",2023-01-04T22:36:09.000Z,https://twitter.com/Cobratate/status/1610767065933037570
24,Andrew Tate,"There are dark forces working against you. 

You must recognize them and you must fight back.",2023-01-04T15:25:48.000Z,https://twitter.com/Cobratate/status/1610658764117671936
25,Andrew Tate,"Religious countries vs. Western degeneracy

Watch the full EM podcast episode here: 
https://t.co/qPa4JjhdO5 https://t.co/k5ft15gty1",2023-01-04T12:39:02.000Z,https://twitter.com/Cobratate/status/1610616795991269378
26,Andrew Tate,"You have no option but to perform at the highest levels. 

Anything less is failure.",2023-01-04T10:16:29.000Z,https://twitter.com/Cobratate/status/1610580921014444033
27,Andrew Tate,"They plot and plan, and Allah too plans; but the best of planners is Allah.

Surah Al-Anfal Ayat 30",2023-01-03T21:38:48.000Z,https://twitter.com/Cobratate/status/1610390243190149127
28,Andrew Tate,"Your mind is an instrument. 

Learn to be its master, not its slave.",2023-01-03T21:01:59.000Z,https://twitter.com/Cobratate/status/1610380980736458753
29,Andrew Tate,The news is free because they need it to control you.,2023-01-03T16:43:45.000Z,https://twitter.com/Cobratate/status/1610315990788710405
30,Andrew Tate,"We are in the midst of a spiritual war. 

The final battle between humanity and the machines - before you‚Äôre reduced to a QR code. 

99.9% of men refuse the sword and shield, paralyzed as civilians, awaiting slaughter from the machine horde. 

The real pandemic is cowardice.",2023-01-03T14:32:22.000Z,https://twitter.com/Cobratate/status/1610282928906407940
31,Andrew Tate,"They don‚Äôt want you to believe your own eyes 

Watch the full EM podcast episode here: 
https://t.co/qPa4JjhdO5 https://t.co/5o1WKekkBo",2023-01-03T12:09:57.000Z,https://twitter.com/Cobratate/status/1610247086561263616
32,Andrew Tate,"YOU POSSESS UNLIMITED POWER.

Harness it.

Become unstoppable.",2023-01-03T11:02:50.000Z,https://twitter.com/Cobratate/status/1610230197206278158
33,Andrew Tate,"‚ÄúAllah does not burden a soul beyond that it can bear.""

[Surah Baqarah : 286]",2023-01-02T20:08:31.000Z,https://twitter.com/Cobratate/status/1610005137619132422
34,Andrew Tate,"I was made for battle.

A warrior of the light.

My enemies hope to attack me with lies.

They try to destroy the family unit, they try to silence any loud opposition.

I refuse to leave fellow men in the dark.

Someone needs to show them the light,

Who better than TATE.",2023-01-02T15:30:25.000Z,https://twitter.com/Cobratate/status/1609935147906002946
35,Andrew Tate,"The answer is out there. It's looking for you. And it will find you if you want it to.

https://t.co/rf1rOtudjB",2023-01-01T13:43:07.000Z,https://twitter.com/Cobratate/status/1609545760168873987
36,Andrew Tate,"God is on our side, so the Matrix will not win.

Inshallah",2022-12-31T15:07:21.000Z,https://twitter.com/Cobratate/status/1609204569552060416
37,Andrew Tate,"It appears the insanity of the ruling elite is exposed worldwide now.

They have one command,

Do not speak out, behave as sheep.",2022-12-31T09:34:25.000Z,https://twitter.com/Cobratate/status/1609120784559005697
38,Andrew Tate,The Matrix will only tell you what the Matrix needs you to believe.,2022-12-31T00:26:12.000Z,https://twitter.com/Cobratate/status/1608982819879137282
39,Andrew Tate,The Matrix sent their agents.,2022-12-30T10:30:45.000Z,https://twitter.com/Cobratate/status/1608772573692854272
40,Andrew Tate,"Thank you for confirming via your email address that you have a small penis @GretaThunberg 

The world was curious. 

And I do agree you should get a life ‚ù§Ô∏è https://t.co/SMisajQRcf",2022-12-28T21:26:23.000Z,https://twitter.com/Cobratate/status/1608212791009374208
41,Andrew Tate,She ain‚Äôt ready.,2022-12-28T21:12:25.000Z,https://twitter.com/Cobratate/status/1608209275716866049
42,Andrew Tate,"Strange as it may seem, there is a teenager out there who believes your government should tax you into poverty to stop the sun from being hot.",2022-12-28T20:56:27.000Z,https://twitter.com/Cobratate/status/1608205257934258176
43,Andrew Tate,I got beans greens potatoes tomatoes lambs rams hogs dogs chicken turkey rabbits YOU NAME IT,2022-12-28T18:19:23.000Z,https://twitter.com/Cobratate/status/1608165734345019393
44,Andrew Tate,Agreed.,2022-12-28T13:11:57.000Z,https://twitter.com/Cobratate/status/1608088363390668807
45,Andrew Tate,"As you dangle mortally on the cliff's edge, your fingertips burning as they dig into rock, you MUST hold until you are rescued. 

It doesn‚Äôt matter if you let go 5 minutes or 5 seconds before a helping hand appears. 

You STILL DIE. 

Almost a winner, is still a loser.",2022-12-28T08:39:41.000Z,https://twitter.com/Cobratate/status/1608019844766617601
46,Andrew Tate,"Hot girl goes to Courchevel and posts videos of:

An Urus 
A 5 star hotel
Luxury dinners
Champagne lunches
Skiing

She edits into a nice little TikTok.

She paid for absolutely none of it and doesn‚Äôt even post the guy who did.

Clowns.

I‚Äôd be in EVERY SINGLE SHOT. 

HELLO üòÅ",2022-12-27T19:34:25.000Z,https://twitter.com/Cobratate/status/1607822226534842374
47,Andrew Tate,"Mum: ""Hi Andrew Piers morgan said you were shot and dead. Hope youre ok? Love you""

üòÇ",2022-12-27T17:55:15.000Z,https://twitter.com/Cobratate/status/1607797270090780672
48,Andrew Tate,Me and my castle https://t.co/juxkDm3qXw,2022-12-27T16:28:36.000Z,https://twitter.com/Cobratate/status/1607775465451945984
49,Andrew Tate,"The most interesting lessons from the Matrix movies

Watch the full EM episode here:
https://t.co/nc4IRs8vtp https://t.co/gz4ywZIFK5",2022-12-27T15:11:36.000Z,https://twitter.com/Cobratate/status/1607756088450899972
50,Andrew Tate,I bought both.,2022-12-27T12:40:43.000Z,https://twitter.com/Cobratate/status/1607718117098283010
51,Andrew Tate,"Russian advertisement depicts Putin as Santa Claus, using magic to save a child from having gay dads, wearing pink and LGBT indoctrination.

Russia believes the proxy war against NATO is necessary to preserve Christian values and fight satanism which controls the West. https://t.co/BdoZDQqtrx",2022-12-27T12:28:42.000Z,https://twitter.com/Cobratate/status/1607715091566272513
52,Andrew Tate,üèéÔ∏è https://t.co/GVA1VygdaV,2022-12-27T10:06:07.000Z,https://twitter.com/Cobratate/status/1607679211233214464
53,Andrew Tate,"Hello @GretaThunberg 

I have 33 cars. 

My Bugatti has a w16 8.0L quad turbo. 

My TWO Ferrari 812 competizione have 6.5L v12s.

This is just the start.

Please provide your email address so I can send a complete list of my car collection and their respective enormous emissions. https://t.co/ehhOBDQyYU",2022-12-27T09:58:06.000Z,https://twitter.com/Cobratate/status/1607677190254235648
54,Andrew Tate,"You know something.

What you know you can't explain, but you feel it.

You've felt it your entire life.

You know there's something wrong with the world, it‚Äôs a a splinter in your mind, driving you mad.

It is this feeling that has brought you to me.",2022-12-27T07:50:32.000Z,https://twitter.com/Cobratate/status/1607645087630069761
55,Andrew Tate,Hard to kill.,2022-12-27T05:40:11.000Z,https://twitter.com/Cobratate/status/1607612284205170688
56,Andrew Tate,"Men are expected to have money, intelligence, and other achievements.

Anything less? 

You‚Äôre called a loser.

Understand, life isn‚Äôt fair.

But that‚Äôs a good thing.",2022-12-26T20:16:31.000Z,https://twitter.com/Cobratate/status/1607470432785166338
57,Andrew Tate,"Brothers.

Your enemies are plotting your absolute destruction.

And they are not taking days off to ""chill""

Do you understand?",2022-12-26T17:52:05.000Z,https://twitter.com/Cobratate/status/1607434084703240193
58,Andrew Tate,"You take the blue pill - the story ends, you wake up in your bed and believe whatever you want to believe. 

To take the red pill - click here: https://t.co/8EUCQbL4Y0

I will show you how deep the rabbit hole goes. https://t.co/rtzmtD450m",2022-12-26T17:16:23.000Z,https://twitter.com/Cobratate/status/1607425100801875968
59,Andrew Tate,Where are we going today? https://t.co/uWLiFKGhd1,2022-12-26T16:19:33.000Z,https://twitter.com/Cobratate/status/1607410798158286854
60,Andrew Tate,"How to resist the slave mind programming

Watch the full EM episode here:
https://t.co/nc4IRs8vtp https://t.co/kbkXWKyIwL",2022-12-26T15:33:10.000Z,https://twitter.com/Cobratate/status/1607399126009774082
61,Andrew Tate,"Why are all these ""business women"" and ""CEO"" chicks married to very rich men?

Its almost as if the man pays for their entire lives and their businesses are hobby bullshit.",2022-12-26T13:49:58.000Z,https://twitter.com/Cobratate/status/1607373157144436738
62,Andrew Tate,"You get the life you deserve.

Most of you are cowards and so that is what you get.

If you want more?

DO MORE AND BECOME MORE.",2022-12-26T13:24:26.000Z,https://twitter.com/Cobratate/status/1607366727909740544
63,Andrew Tate,"You‚Äôve been programmed to be poor and weak.

Easily controlled.

HOWEVER, you can also be programmed to be rich and strong.",2022-12-26T09:29:25.000Z,https://twitter.com/Cobratate/status/1607307586407202816
64,Andrew Tate,"The Real World. TRW
The War Room. TWR

TRW leads to TWR.

TWR provides a white path to follow.

Do you understand?

https://t.co/u4TVQU0BXF",2022-12-25T20:27:11.000Z,https://twitter.com/Cobratate/status/1607110729374765057
65,Andrew Tate,Jake finally fought KSI.,2022-12-25T17:33:08.000Z,https://twitter.com/Cobratate/status/1607066931202510848
66,Andrew Tate,"Imagine saying ""The cast is insane!"" and thinking anybody gives a fuck. Clown.",2022-12-25T16:02:14.000Z,https://twitter.com/Cobratate/status/1607044052603502593
67,Andrew Tate,"The cast have confirmed this show is trash.

Do not watch.",2022-12-25T15:57:54.000Z,https://twitter.com/Cobratate/status/1607042964462927872
68,Andrew Tate,"The best thing about being rich

Watch the full EM episode here:
https://t.co/nc4IRs93iX https://t.co/8BCbBO2NnL",2022-12-25T15:47:13.000Z,https://twitter.com/Cobratate/status/1607040274307641347
69,Andrew Tate,Romania https://t.co/yTUVAeJevY,2022-12-25T15:00:30.000Z,https://twitter.com/Cobratate/status/1607028516243247106
70,Andrew Tate,Video please,2022-12-25T12:39:38.000Z,https://twitter.com/Cobratate/status/1606993068930265089
71,Andrew Tate,"Tell your stupid cousin whos tripple vaxed and your auntie who watches CNN that they LIVE INSIDE OF THE MATRIX and have SLAVE MINDS at xmas dinner.

Start a huge family argument and call everyone brokies.

Say TOP G will make you so rich that youll never speak to them again.",2022-12-25T12:38:09.000Z,https://twitter.com/Cobratate/status/1606992693787299840
72,Andrew Tate,"You are poor.
You are unimportant.
Men do not fear you.
Your woman disagrees with you.

Your lives are shit.

If I was forced to endure a year of your life it would be the worst level of depression imaginable.",2022-12-25T11:39:24.000Z,https://twitter.com/Cobratate/status/1606977909771714560
73,Andrew Tate,Where is my present @adinross,2022-12-25T11:06:15.000Z,https://twitter.com/Cobratate/status/1606969565870948353
74,Andrew Tate,"TATE‚ÄôS CHRISTMAS MESSAGE

Watch now:
https://t.co/BnJONDfsil https://t.co/tuY0K4TAJP",2022-12-25T10:36:05.000Z,https://twitter.com/Cobratate/status/1606961977028665344
75,Andrew Tate,"Merry Christmas to all the wageys and brokies.

Remember... you have work tomorrow.",2022-12-25T10:22:25.000Z,https://twitter.com/Cobratate/status/1606958535656497153
76,Andrew Tate,"Death smiles at us all. 

All a man can do is smile back.",2022-12-24T21:18:21.000Z,https://twitter.com/Cobratate/status/1606761218244485120
77,Andrew Tate,"Brother &lt;3 

https://t.co/8EUCQbL4Y0",2022-12-24T18:32:56.000Z,https://twitter.com/Cobratate/status/1606719590221873152
78,Andrew Tate,Welcome to life outside of the matrix. Join: https://t.co/P0AAPfO8k2,2022-12-24T17:33:07.000Z,https://twitter.com/Cobratate/status/1606704536634081280
79,Andrew Tate,MPBUH https://t.co/LQDR8SbOn1,2022-12-24T17:30:03.000Z,https://twitter.com/Cobratate/status/1606703765125533698
80,Andrew Tate,"Christmas sees a lot of erratic and irresponsible driving. 

Everybody please be extra careful on the roads. 

As you know lots of men drink too much alcohol and are forced to let their wives drive.",2022-12-24T16:04:46.000Z,https://twitter.com/Cobratate/status/1606682305371725827
81,Andrew Tate,"What if your family is not supporting your goals

Watch the full EM episode here:
https://t.co/nc4IRrQU4P https://t.co/O0eUFNGtfX",2022-12-24T15:52:13.000Z,https://twitter.com/Cobratate/status/1606679144523124736
82,Andrew Tate,G,2022-12-24T12:23:01.000Z,https://twitter.com/Cobratate/status/1606626499313942528
83,Andrew Tate,I rejected the offers @loganpaul took. They offered me hundreds of millions and I said no. https://t.co/nAx9KP9uhr,2022-12-24T12:16:54.000Z,https://twitter.com/Cobratate/status/1606624957273874433
84,Andrew Tate,I don‚Äôt understand how any self-respecting man can expect anything less than the absolute best of everything,2022-12-24T10:48:35.000Z,https://twitter.com/Cobratate/status/1606602734702149634
85,Andrew Tate,"What did I tell you all about Logan Paul months ago?

I said hes an agent of the Matrix who will say anything he is told, and scam his own fans for personal gain.

If you listen to Tate, your life gets better.

if you listen to Logan, HIS LIFE gets better and yours gets worse.",2022-12-24T09:23:13.000Z,https://twitter.com/Cobratate/status/1606581251774758912
86,Andrew Tate,"Make a plan.

REFUSE to ever quit.

Otherwise your name will be erased from the flow of history.

History never remembers quitters.

What will you make your name mean?",2022-12-23T21:58:04.000Z,https://twitter.com/Cobratate/status/1606408825732571150
87,Andrew Tate,"My team has been tested. 

We survived assassination. 

I know my friends will die beside me. 

Enemies tried when we were at the bottom. 

And that‚Äôs why I made sure we all went to the top. 

Together.",2022-12-23T20:21:08.000Z,https://twitter.com/Cobratate/status/1606384430586728467
88,Andrew Tate,"You‚Äôll only change when you are genuinely uncomfortable

Watch the full EM episode here:
https://t.co/nc4IRs8vtp https://t.co/wQtdpj1dUT",2022-12-23T18:20:12.000Z,https://twitter.com/Cobratate/status/1606353998184943616
89,Andrew Tate,"Great to meet @real_lord_miles

Encompassing the true British spirit of adventure, returning home with stories to tell. 

Very interesting to hear the Taliban are fans of mine. 

Top G! Top G! https://t.co/cJt8iRV9my",2022-12-23T16:17:57.000Z,https://twitter.com/Cobratate/status/1606323233535451136
90,Andrew Tate,"TATE GETS ABANDONED BY TRISTAN AND LUC

Tate Confidential Ep. 168

OUT NOW:
https://t.co/gWayyIAJrJ https://t.co/L4QHAHMVQs",2022-12-23T14:25:58.000Z,https://twitter.com/Cobratate/status/1606295049615970304
91,Andrew Tate,"If you treat your body like shit, you don't respect yourself.

If you have friends who take advantage of you, you don't respect yourself. 

If you waste your own time playing video games, you don't respect yourself.

If you don't want to be RICH. You don't respect yourself.",2022-12-23T13:33:32.000Z,https://twitter.com/Cobratate/status/1606281858349531136
92,Andrew Tate,"If you want to win, first you need to understand the game that you‚Äôre playing.

Join: https://t.co/P0AAPfO8k2 https://t.co/DWEPA0QDO8",2022-12-23T11:57:47.000Z,https://twitter.com/Cobratate/status/1606257761787879424
93,Andrew Tate,"In the last month I have been offered more than 400,000,000 dollars for endorsement deals.

And Ive said no to all of it, because I refuse to peddle trash or sell my soul.

If you obey Tate, your life gets BETTER.

You do not get sold trash or scams.

Ever.",2022-12-22T20:07:51.000Z,https://twitter.com/Cobratate/status/1606018700594872320
94,Andrew Tate,"He‚Äôs right. 

Nobody‚Äôs going to listen to you if they don‚Äôt want to be you. 

And 99% of personal trainers are super boring dorks with lives far too close to average. 

Snore. https://t.co/5sUXZY21yc",2022-12-22T18:08:47.000Z,https://twitter.com/Cobratate/status/1605988735836860416
95,Andrew Tate,"Are you ready to generate the velocity needed to escape the Matrix?

We are waiting for you. 

Join: https://t.co/YPRqVWGqxw https://t.co/sXyCgOfwvt",2022-12-22T14:54:03.000Z,https://twitter.com/Cobratate/status/1605939732596215808
96,Andrew Tate,"Bugatti Chiron Pursport vs GTR Blackseries through the desert. 

Tell me. 

Why is your life so devoid of genuine experiences? https://t.co/pxkPSDGjrt",2022-12-22T12:43:35.000Z,https://twitter.com/Cobratate/status/1605906899798573056
97,Andrew Tate,Can‚Äôt trust 2s.,2022-12-22T10:01:14.000Z,https://twitter.com/Cobratate/status/1605866043448205313
98,Andrew Tate,Smart woman. https://t.co/NmzwLd4JQJ,2022-12-22T09:55:46.000Z,https://twitter.com/Cobratate/status/1605864667359989760
99,Andrew Tate,I know of no better life purpose than to perish in attempting the great and impossible.,2022-12-21T23:54:10.000Z,https://twitter.com/Cobratate/status/1605713267451633665
100,Andrew Tate,"We are winning. 

The agents of the Matrix are being discredited. 

Trust in the oppression systems decimated in real-time.

They attempted to cancel me and it back fired. 

They messed with the wrong man. 

I warned them in my ‚Äúfinal message‚Äù

They should have listened. https://t.co/8M9FTrZJJn",2022-12-21T11:27:02.000Z,https://twitter.com/Cobratate/status/1605525247125360641
101,Andrew Tate,"Something has shifted in the Universe.

God has blessed many of you with the chance you'd been hoping for.

Will you notice it before it's too late?

The Universe can not give its graces to you all.

Tick Tok",2022-12-20T23:21:29.000Z,https://twitter.com/Cobratate/status/1605342654346285056
102,Andrew Tate,.@SadiqKhan,2022-12-20T22:03:00.000Z,https://twitter.com/Cobratate/status/1605322904232665089
103,Andrew Tate,"Create a life you‚Äôre proud of.

Crafting every aspect of your reality with INTENTION.

Are you awake? Do you KNOW what you are doing?

Yes or no.",2022-12-20T21:20:35.000Z,https://twitter.com/Cobratate/status/1605312230802788355
104,Andrew Tate,"See you soon @piersmorgan 

Put the kettle on will you?

No sugar.

Im sweet enough.",2022-12-20T17:54:13.000Z,https://twitter.com/Cobratate/status/1605260294724673536
105,Andrew Tate,No need to imagine my friend.,2022-12-20T17:28:41.000Z,https://twitter.com/Cobratate/status/1605253869474566145
106,Andrew Tate,"If you understand, we are waiting for you.

https://t.co/ecNjdhz2XV",2022-12-20T17:27:53.000Z,https://twitter.com/Cobratate/status/1605253667103318020
107,Andrew Tate,"Hard work gets you a BMW. 

Hard work inside of the right network gets you private planes. 

Do you understand?",2022-12-20T17:23:28.000Z,https://twitter.com/Cobratate/status/1605252559480016897
108,Andrew Tate,They deleted my Instagram because of all the great poems I wrote. https://t.co/Ax1R2L8c95,2022-12-20T15:13:42.000Z,https://twitter.com/Cobratate/status/1605219900699598848
109,Andrew Tate,"I got successful by listening

Watch the full EM episode here:
https://t.co/nc4IRs8vtp https://t.co/qgQeg9BNgo",2022-12-20T13:10:28.000Z,https://twitter.com/Cobratate/status/1605188887583887360
110,Andrew Tate,"When's the last time you've sat and discussed how to become rich?

If you don‚Äôt think about it. 

And you don‚Äôt speak about it. 

How is it ever going to happen?

Speak it into existence,

https://t.co/Q7eVI0PiaT",2022-12-20T11:50:52.000Z,https://twitter.com/Cobratate/status/1605168855655288832
111,Andrew Tate,Hello my children.,2022-12-20T10:05:23.000Z,https://twitter.com/Cobratate/status/1605142311154900992
112,Andrew Tate,"This is how you eat outside the Matrix.

Break free. https://t.co/DAV39WfJMX",2022-12-18T20:31:36.000Z,https://twitter.com/Cobratate/status/1604575127815032837
113,Andrew Tate,"You‚Äôre welcome baby.

You‚Äôre not a nobody, and you have beautiful eyes. 

Would love to do a podcast. Waiting for you in Dubai ‚ù§Ô∏è https://t.co/xrmnPuupfK",2022-12-18T19:36:16.000Z,https://twitter.com/Cobratate/status/1604561201140301824
114,Andrew Tate,"Hanging with your boys

Watch the full EM episode here:
https://t.co/nc4IRs93iX https://t.co/HnqbxqcUUO",2022-12-18T16:21:46.000Z,https://twitter.com/Cobratate/status/1604512253986099201
115,Andrew Tate,"I will buy some more bitcoin today.

Im diamond hands along with you brother.",2022-12-18T12:25:29.000Z,https://twitter.com/Cobratate/status/1604452790625091585
116,Andrew Tate,"Anyone who‚Äôs not been ‚Äúcancelled‚Äù is an agent of the matrix and a rat. 

Remember that when you watch their videos.",2022-12-18T11:36:14.000Z,https://twitter.com/Cobratate/status/1604440396817469440
117,Andrew Tate,"Your life path was unique. 

But you are not unique.

You have ignored the unique and beautiful lessons god has given you via trauma.

You refused to analyse, absorb and WORK post lessons. 

So despite your unique life experience, you‚Äôre still very average.

You‚Äôre a loser.",2022-12-18T10:17:33.000Z,https://twitter.com/Cobratate/status/1604420596749713415
118,Andrew Tate,"The rules are designed to prevent you from freedom. 

They‚Äôre so concisely derived that even if you break them - you stand near zero chance. 

You must CHANGE THE GAME that you‚Äôre playing entirely.",2022-12-18T09:00:40.000Z,https://twitter.com/Cobratate/status/1604401247087476738
119,Andrew Tate,"We teach you how to escape the work consume die cycle. 

Over 200,000 students learning the secrets to wealth creation in real time.

They will leave you behind, unless you join them.

ESCAPE THE MATRIX.

Take the red pill here: https://t.co/P0AAPg5JIC https://t.co/jNqWdc9Byt",2022-12-17T20:45:58.000Z,https://twitter.com/Cobratate/status/1604216356404170755
120,Andrew Tate,Correct. Learn here: https://t.co/P0AAPg5JIC,2022-12-17T20:08:22.000Z,https://twitter.com/Cobratate/status/1604206890682093569
121,Andrew Tate,"Hey @LloydsBank when the Matrix attacked me you froze my account for zero reason because youre agent controlled scum who believe bad (fake) press = no bank

Unfreeze the account its 3,200,000 pounds and I wanna give it all away on twitter

I dont need it because im a billionaire",2022-12-17T20:01:27.000Z,https://twitter.com/Cobratate/status/1604205151065059328
122,Andrew Tate,"dunno why it sounds like I have a lisp. Matrix attack. 

Obvs i dont because im a G",2022-12-17T19:40:39.000Z,https://twitter.com/Cobratate/status/1604199917278621696
123,Andrew Tate,"Fuck it. Everyone who joins https://t.co/8EUCQbL4Y0 also gets 5 chances in the normal draw.

plus 1 chance in the specific real world draw.

200,000 dollars being sent TONIGHT.",2022-12-17T19:12:04.000Z,https://twitter.com/Cobratate/status/1604192724172800003
124,Andrew Tate,"Join here: https://t.co/P0AAPg6hya

I will be giving away another 100,000 specifically for members. 

Tonight.",2022-12-17T19:03:17.000Z,https://twitter.com/Cobratate/status/1604190514894766080
125,Andrew Tate,"I will give away 100,000 dollars tonight.

Simply retweet and comment below.",2022-12-17T18:58:48.000Z,https://twitter.com/Cobratate/status/1604189386660347904
126,Andrew Tate,G,2022-12-17T18:55:59.000Z,https://twitter.com/Cobratate/status/1604188677256511489
127,Andrew Tate,Agreed.,2022-12-17T18:55:43.000Z,https://twitter.com/Cobratate/status/1604188609912995867
128,Andrew Tate,"I made 1.1 million dollars today and spent 135,000 on clothes.

I have 8million dollars of cars being built. Most excited about the Koenigsegg Jesko Attack.

Theres literally nothing to buy with my enormous wealth and im bored so im going to call you all broke for fun.",2022-12-17T18:35:39.000Z,https://twitter.com/Cobratate/status/1604183558062411776
129,Andrew Tate,"Anyone who has to lie and say ""5 hours left"" for some bullshit PDF has zero brand strength.

Devaluing themselves like lying whores to beg for pennies.

Theres infinity left because youre a brokie who needs money. Youd never say no to a single dollar.

Be quiet.",2022-12-17T18:18:34.000Z,https://twitter.com/Cobratate/status/1604179261962817539
130,Andrew Tate,Thinking about it almost constantly lolol.,2022-12-17T18:14:19.000Z,https://twitter.com/Cobratate/status/1604178192272605185
131,Andrew Tate,"You have wasted years of your life.

Years of wasted thoughts and stupid actions for nothing.

Millions of other people ignored it all completely and lived to the fullest with zero negative effect.

You are low IQ.",2022-12-17T18:11:22.000Z,https://twitter.com/Cobratate/status/1604177448182104064
132,Andrew Tate,"I think this dude was part of the polygamy. 

Prob wants his Wednesday nights with everyones girlfriend back.

Seems to miss FTX badly.",2022-12-17T18:08:53.000Z,https://twitter.com/Cobratate/status/1604176821272170503
133,Andrew Tate,"Some college nerds developed AI so that businessmen could apply it.

School teaches you how to spend years building tools.

The Real World teaches you how to use those tools to get rich.

Do you want to build Lamborghinis, or drive them?

Learn:
https://t.co/8EUCQbL4Y0",2022-12-17T17:43:56.000Z,https://twitter.com/Cobratate/status/1604170544794030081
134,Andrew Tate,"I will never forgive myself for failure. 

I am absolutely hard on myself. 

I never ever forgive myself. 

Failing is permanent pain. 

For the rest of my human years. 

This is why I never fail.",2022-12-17T17:05:52.000Z,https://twitter.com/Cobratate/status/1604160963275476992
135,Andrew Tate,"They control what you hear to control what you think. 

All of the heroes of the past would have been ‚Äúbanned‚Äù

What does this tell you?

@rumblevideo 

https://t.co/TM95waJGBm https://t.co/xV3zUBsUft",2022-12-17T15:22:27.000Z,https://twitter.com/Cobratate/status/1604134938227666944
136,Andrew Tate,Why am I not surprised https://t.co/6Vni3oCGMF,2022-12-17T13:30:08.000Z,https://twitter.com/Cobratate/status/1604106674188558336
137,Andrew Tate,"Make your ancestors proud

Watch the full EM episode here:
https://t.co/LELFNW0eTU https://t.co/SSFSe8h94f",2022-12-17T12:57:31.000Z,https://twitter.com/Cobratate/status/1604098464907943937
138,Andrew Tate,"Be yourself. 

Everyone else is taken.",2022-12-17T12:01:48.000Z,https://twitter.com/Cobratate/status/1604084443957923840
139,Andrew Tate,"This is what people dont understand.

Broke people dont have anything.

Those in the middle try and have as much stuff as possible.

And the truly wealthy dont ""have"" anything.",2022-12-17T08:54:35.000Z,https://twitter.com/Cobratate/status/1604037331115196416
140,Andrew Tate,"These pussies were scared of Covid but they ""wouldnt be afraid"" If feral internet psychopaths has exact locations.

Any normal person would be uncomfortable with this, let alone someone at Elons echelon.

This is fake outrage garbage.

Leave those accounts PERMA banned.",2022-12-16T18:23:49.000Z,https://twitter.com/Cobratate/status/1603818193008480256
141,Andrew Tate,"The falsely virtuous saying that @elonmusk should accept REAL TIME doxxing are disingenuous clowns.

They would panic absolutely if they were the richest most important man alive and their enemies had REAL TIME info.

Physical safety is NUMBER ONE priority.

Elon is right to ban.",2022-12-16T18:20:23.000Z,https://twitter.com/Cobratate/status/1603817328818389003
142,Andrew Tate,@adinross https://t.co/vSKXfAJ5sw,2022-12-16T08:03:13.000Z,https://twitter.com/Cobratate/status/1603662012885528576
143,Andrew Tate,"Marriage counselling doesnt work.

The second that‚Äôs the only opinion - leave.

Women don‚Äôt respect men who can‚Äôt fix problems.

Sitting and whining to some old frail idiot to fix the problems of the relationship will only make her respect you even less.",2022-12-16T07:25:15.000Z,https://twitter.com/Cobratate/status/1603652458017873922
144,Andrew Tate,"Bro you told your own son to get the vaccine to play baseball.

Its amazing how every single vax and mask cuck is now a tough guy.

Me and T were DAY ONE against this, ALL of you dudes cucked.

ALL. I remember reading all of it in disgust.",2022-12-15T19:37:25.000Z,https://twitter.com/Cobratate/status/1603474325801246721
145,Andrew Tate,"If you think your woman really loves you.

Let her catch you cheating and see if she stays.",2022-12-15T14:20:33.000Z,https://twitter.com/Cobratate/status/1603394586885652481
146,Andrew Tate,"Ghengis Khan had endless woman and 200 children as reward for conquest.

I am the most searched man on the planet.

I have conquered Earth.

I am the highest status male on the planet.

Females do not expect loyalty from me.

They only expect that of lesser men.",2022-12-15T14:20:12.000Z,https://twitter.com/Cobratate/status/1603394496020062209
147,Andrew Tate,It‚Äôs because im black. https://t.co/anCsWLYvjN,2022-12-15T10:14:58.000Z,https://twitter.com/Cobratate/status/1603332783317078016
148,Andrew Tate,"I‚Äôm just going to come out and say the truth because everyone else is afraid. 

#HarryandMeganNetflix https://t.co/Exrxk1nGeL",2022-12-15T10:08:57.000Z,https://twitter.com/Cobratate/status/1603331268913004545
149,Andrew Tate,Back to work @AOC,2022-12-15T09:57:09.000Z,https://twitter.com/Cobratate/status/1603328300180447232
150,Andrew Tate,Join the revolution: https://t.co/P0AAPg5JIC,2022-12-15T08:46:52.000Z,https://twitter.com/Cobratate/status/1603310611609407489
151,Andrew Tate,.@adinross https://t.co/QmwvFRnjme,2022-12-15T08:42:19.000Z,https://twitter.com/Cobratate/status/1603309465578737665
152,Andrew Tate,What colour is your prayer mat?,2022-12-14T18:58:47.000Z,https://twitter.com/Cobratate/status/1603102218814717957
153,Andrew Tate,"I was having a cigar with Steven Seagal last week and he told me Van Damme was a sell-out cuck bitch who sucked off half of Hollywood.

ALWAYS listen to Seagal. https://t.co/iTeZbMzs7v",2022-12-14T15:44:09.000Z,https://twitter.com/Cobratate/status/1603053237636046850
154,Andrew Tate,"Eco activist?

Ohhhh. You mean BUMBACLART.",2022-12-14T15:41:20.000Z,https://twitter.com/Cobratate/status/1603052528823828481
155,Andrew Tate,If they kill me I love you all.,2022-12-14T15:24:08.000Z,https://twitter.com/Cobratate/status/1603048197433315331
156,Andrew Tate,"You must develop the demon hand but retain a soft heart. 

Demon hand and demon heart is a threat to the world.

Soft hand and soft heart is a useless man.

But a demon hand with a soft heart - 

The ability to kill, but the decision NOT too.

THIS is how good men live.",2022-12-14T14:41:02.000Z,https://twitter.com/Cobratate/status/1603037351235698688
157,Andrew Tate,Wifey,2022-12-14T14:16:12.000Z,https://twitter.com/Cobratate/status/1603031104188997633
158,Andrew Tate,"If a girl follows me and shes hot and I see a SINGLE picture of her in a private jet its BLOCK.

Women cant afford jets. Women are all brokies.

Why are you flying around on some mans jet?

You should have been a virgin when I met you.

HARAM.",2022-12-14T13:58:37.000Z,https://twitter.com/Cobratate/status/1603026678904770561
159,Andrew Tate,"The Matrix offered me money to sell my soul and aid the devil.

I refused. 

They found a man with massive influence who also has genuine moral character and lives true to god.

So they attempted to cancel me.

They failed.

Soon they will try and kill me.",2022-12-14T13:48:32.000Z,https://twitter.com/Cobratate/status/1603024141950541824
160,Andrew Tate,"The phrase ‚Äúbe like water‚Äù doesn‚Äôt only mean adapting to any situation. 

It means to be immensely powerful when directed, 

extremely cost-intensive for your enemies to contain, 

to be beautiful when calm 

and feared when angry. 

To be absolutely necessary for LIFE.",2022-12-14T13:46:07.000Z,https://twitter.com/Cobratate/status/1603023530785996808
161,Andrew Tate,Even @BorisJohnson knows who the real leader of the UK is. https://t.co/wJpaXl62vC,2022-12-14T10:17:23.000Z,https://twitter.com/Cobratate/status/1602971001637462016
162,Andrew Tate,"You get songs stuck in your head. 

I get ideas stuck in my head. 

Do you understand?",2022-12-14T09:03:31.000Z,https://twitter.com/Cobratate/status/1602952413438431232
163,Andrew Tate,"Is @LoganPaul  an agent of the matrix.

Is he a sell out bitch, who only says what the woke cuck agenda want him to say",2022-12-14T07:52:44.000Z,https://twitter.com/Cobratate/status/1602934600421949440
164,Andrew Tate,"Mikes smart enough to know how bad they looked and is sorry.

They lost all credibility as agents of the Matrix and Mike wants to back away from that. Fair and smart. 

Logan is too stupid to read the room and understand he made a fool of himself, so continues being a fool. ü§°",2022-12-14T07:49:15.000Z,https://twitter.com/Cobratate/status/1602933724651589632
165,Andrew Tate,"Logan calls me gay as an insult, then says Im homophobic.

Logan (white as snow) calls a mixed race man Racist.

Logan is genuinely an idiot. Not even trying to internet beef. 

Hes clearly just low IQ.

Theres a reason everyone laughs at him.

Steroids fried his brain.",2022-12-14T07:47:19.000Z,https://twitter.com/Cobratate/status/1602933236300099584
166,Andrew Tate,. @adinross https://t.co/PpfCxp9ffr,2022-12-14T06:21:54.000Z,https://twitter.com/Cobratate/status/1602911741784080385
167,Andrew Tate,"Every period of history had men who conquered the known world.

Men with undeniable superiority over their peers.

Names spoken across the globe.

These men owned culture.

Genghis Khan
Atilla The Hun

You are witnessing the modern day equivalent in his prime.

Andrew Tate.",2022-12-14T06:14:29.000Z,https://twitter.com/Cobratate/status/1602909874719014914
168,Andrew Tate,"Reading books is for losers who are afraid to learn from life. 

So they try and learn from the life OTHERS have lived. 

But you never REALLY learn unless you lived it. 

You must feel it to believe it. 

Books are a total waste of time.

Education for cowards.",2022-12-13T16:28:29.000Z,https://twitter.com/Cobratate/status/1602702007181185028
169,Andrew Tate,"Action and contentment

Watch the full EM episode here:
https://t.co/LELFNW0eTU https://t.co/Eosow3AmRK",2022-12-13T15:13:37.000Z,https://twitter.com/Cobratate/status/1602683163192528898
170,Andrew Tate,"‚ÄúFortune favors the bold‚Äù

It‚Äôs absolutely true.",2022-12-13T14:53:37.000Z,https://twitter.com/Cobratate/status/1602678131617325060
171,Andrew Tate,MashAllah https://t.co/vOueWu3QiO,2022-12-13T12:51:00.000Z,https://twitter.com/Cobratate/status/1602647274005438466
172,Andrew Tate,"ACT HARDER. 

LIVE HARDER.",2022-12-13T09:19:47.000Z,https://twitter.com/Cobratate/status/1602594117401382912
173,Andrew Tate,"BE SAVAGE in your approach towards what you want in life.

No more cowardly attempts.

Fully on, not half on.",2022-12-12T17:01:45.000Z,https://twitter.com/Cobratate/status/1602347988952678403
174,Andrew Tate,wifey,2022-12-12T15:54:28.000Z,https://twitter.com/Cobratate/status/1602331057801535488
175,Andrew Tate,Why is it that everyone who worked for the Obama Whitehouse is evil and low IQ?,2022-12-12T14:57:40.000Z,https://twitter.com/Cobratate/status/1602316762229477376
176,Andrew Tate,"I thank God my life was shit. 

It makes having a great life so much better. 

There is no light without dark.

I live the best life a young strong man can possibly live.",2022-12-12T13:26:43.000Z,https://twitter.com/Cobratate/status/1602293874365431809
177,Andrew Tate,"My thoughts are not cloned

Watch the full EM episode here:
https://t.co/LELFNW0eTU https://t.co/tEaJgC9G7v",2022-12-12T12:26:16.000Z,https://twitter.com/Cobratate/status/1602278661259919361
178,Andrew Tate,Bigot,2022-12-12T11:26:06.000Z,https://twitter.com/Cobratate/status/1602263519910502400
179,Andrew Tate,"Imagine having less than 10 children because youre a pussy bitch who doesnt have 4 wives.

Genetic failures.",2022-12-12T10:44:10.000Z,https://twitter.com/Cobratate/status/1602252968194998273
180,Andrew Tate,"It is your duty as a man to maintain your masculine edge.

All while having many kids to continue your legacy",2022-12-12T09:16:50.000Z,https://twitter.com/Cobratate/status/1602230989077549056
181,Andrew Tate,"Tate Crashes McLaren 765 LT VS Bugatti Chiron | Dubai Autodrome

Watch now:
https://t.co/rubF60hgDh https://t.co/kKdEVJF5K7",2022-12-11T20:04:18.000Z,https://twitter.com/Cobratate/status/1602031543605940224
182,Andrew Tate,"EMERGENCY MEETING - Ep. 8

Awakened Warrior

LIVE IN 10 MINS

Watch it here:
https://t.co/hdovsdGWtn https://t.co/ixZ8316uTG",2022-12-11T18:53:32.000Z,https://twitter.com/Cobratate/status/1602013731755626498
183,Andrew Tate,"What the Matrix wants you to believe

Watch the full EM episode here:
https://t.co/LELFNW0eTU https://t.co/M8CKLxGlmr",2022-12-11T15:44:08.000Z,https://twitter.com/Cobratate/status/1601966068725055488
184,Andrew Tate,wow jail.,2022-12-11T15:25:50.000Z,https://twitter.com/Cobratate/status/1601961464994172928
185,Andrew Tate,"Hard times are here.

There's no more easy money out there to take.

All the amateurs will be exposed.

This is the time to become a professional.

You only have two choices.

Learn more here:
https://t.co/8EUCQbL4Y0 https://t.co/3klwUUifzc",2022-12-11T14:35:36.000Z,https://twitter.com/Cobratate/status/1601948821004640259
186,Andrew Tate,Haram.,2022-12-11T13:21:42.000Z,https://twitter.com/Cobratate/status/1601930222256939009
187,Andrew Tate,"The kinda crap hippies say that sounds insightful but is utter garbage.

Animals literally shit on the floor and rip eachother apart.

Wait ok, we do the same in San Fran, bad example.

How about this.

Ive never seen a cow build a skyscraper. https://t.co/gfJ5LlkWEU",2022-12-11T12:54:51.000Z,https://twitter.com/Cobratate/status/1601923467238166536
188,Andrew Tate,"The real world has over 150,000 students.

Over 150,000 people are learning how to make money outside of the Matrix.

Join our revolution here: https://t.co/P0AAPg5JIC",2022-12-11T12:24:34.000Z,https://twitter.com/Cobratate/status/1601915846359764996
189,Andrew Tate,"Most people overestimate the time it takes to accomplish things.

You can accomplish what most people take years to do within months.

It's something you need to FEEL to believe.",2022-12-11T11:28:08.000Z,https://twitter.com/Cobratate/status/1601901643846815746
190,Andrew Tate,"Russian News mocks the USA. 

They understand exactly what‚Äôs going on. https://t.co/g9Z04wK5dk",2022-12-11T09:53:53.000Z,https://twitter.com/Cobratate/status/1601877927058370561
191,Andrew Tate,ok. specs shortly.,2022-12-10T16:33:09.000Z,https://twitter.com/Cobratate/status/1601616017138266113
192,Andrew Tate,"This poll will decide what I buy, for real.",2022-12-10T16:22:24.000Z,https://twitter.com/Cobratate/status/1601613309920567299
193,Andrew Tate,"Bored and feel like spending 3,000,000 on a car to match my Bugatti.",2022-12-10T16:21:51.000Z,https://twitter.com/Cobratate/status/1601613173882507264
194,Andrew Tate,"So @Forbes  are asking for financial details to add me to the billionaires list.

I am the most viewed man on the planet, the most respected masculine role model alive, I own the entire idea of masculinity.

Of course im worth a measly B.

You do not need paperwork. Feds.",2022-12-10T16:15:17.000Z,https://twitter.com/Cobratate/status/1601611520307531776
195,Andrew Tate,"Most people don‚Äôt believe it‚Äôs possible.

IT IS POSSIBLE

You can have EVERYTHING.

I‚Äôm reaching out to the few intelligent men out in the world who refuse to live anything less.",2022-12-10T16:14:30.000Z,https://twitter.com/Cobratate/status/1601611321287798784
196,Andrew Tate,"You can‚Äôt resist enslavement when you‚Äôre broke

Watch the full EM episode here:
https://t.co/LELFNW0MJs https://t.co/Fst8R2ioDz",2022-12-10T12:20:12.000Z,https://twitter.com/Cobratate/status/1601552358517137410
197,Andrew Tate,"If youre black and gay and break laws abroad - theyll get you out.

If youre white and straight and serve your country - they let you rot.

Youre simply the wrong demographic to please the culture masters.

ALL white soldiers and spies, quit immediately.

I would.",2022-12-10T12:17:43.000Z,https://twitter.com/Cobratate/status/1601551734803140613
198,Andrew Tate,"Everything you do CREATES a change in the Universe.

Yet most of you have been programmed to use this TRUTH against your best interest.",2022-12-10T11:37:53.000Z,https://twitter.com/Cobratate/status/1601541711440011264
199,Andrew Tate,"Everybody who is pro degeneracy is also pro vaccine. 

Vaccine = degenerate.",2022-12-10T09:20:38.000Z,https://twitter.com/Cobratate/status/1601507170830684160
200,Andrew Tate,"US #journalist #GrantWahl who was kicked out of a stadium in QATAR for this t-shirt has been found dead, after the Netherlands vs. Argentina game. https://t.co/MC2leZ4WPx",2022-12-10T08:48:19.000Z,https://twitter.com/Cobratate/status/1601499035575017472
201,Andrew Tate,Hey guys ive been thinking long and hard and seeing how all the antivaxxers are suffering severe illness and death ive decided to get my 7 covid vaccines.,2022-12-09T18:18:59.000Z,https://twitter.com/Cobratate/status/1601280263178575872
202,Andrew Tate,My team is united against the demons.,2022-12-09T17:57:17.000Z,https://twitter.com/Cobratate/status/1601274801922113536
203,Andrew Tate,"Know very well when to be extremely cautious and when to be extremely brave. 

The problem with the modern ‚Äúman‚Äù is he applies these two mindsets absolutely incorrectly. 

They apply the wrong mindset every single time. 

Society has programmed this way.",2022-12-09T17:25:18.000Z,https://twitter.com/Cobratate/status/1601266754319437825
204,Andrew Tate,GM. https://t.co/D1vBgDt5HW,2022-12-09T15:52:05.000Z,https://twitter.com/Cobratate/status/1601243292787957764
205,Andrew Tate,Life is Beautiful outside the Matrix https://t.co/4Sx97j7NCD,2022-12-09T14:47:30.000Z,https://twitter.com/Cobratate/status/1601227042397487104
206,Andrew Tate,I want my share so give me everything you have.,2022-12-09T13:49:28.000Z,https://twitter.com/Cobratate/status/1601212435871825921
207,Andrew Tate,"I don‚Äôt believe in motivation. 

I believe in divine purpose.",2022-12-09T13:28:34.000Z,https://twitter.com/Cobratate/status/1601207175749464066
208,Andrew Tate,"Everyone is influencing you to some degree

Watch the full EM episode here:
https://t.co/LELFNW0MJs https://t.co/gKhqqWG5qd",2022-12-09T12:39:10.000Z,https://twitter.com/Cobratate/status/1601194742892855298
209,Andrew Tate,Men go through so much pain that they will never talk about it because they know that nobody cares.,2022-12-09T09:12:00.000Z,https://twitter.com/Cobratate/status/1601142607794434048
210,Andrew Tate,A real brother always has your back.,2022-12-08T20:22:37.000Z,https://twitter.com/Cobratate/status/1600948989246861312
211,Andrew Tate,"Noticed a trend?

Its almost as losers/uglies hate me and winners/hotties love me.

Which team are you on? https://t.co/Ya2WQVPBLX",2022-12-08T18:31:40.000Z,https://twitter.com/Cobratate/status/1600921067844820992
212,Andrew Tate,"Escaping the Matrix is simply a matter of choice.

Have you decided to become free?

Everybody believes they would take the Red Pill if offered.

Well I am offering it to you, right now.

Will you see how deep the rabbit hole goes?

Look: https://t.co/P0AAPg5JIC",2022-12-08T15:30:20.000Z,https://twitter.com/Cobratate/status/1600875431670026241
213,Andrew Tate,Life is easy for the professional.,2022-12-08T15:18:14.000Z,https://twitter.com/Cobratate/status/1600872387968466946
214,Andrew Tate,"Females have an evolutionary distain for weakness.

Experiencing masculine frailty fills them with rage.

The weak man compensates by finding a focus for the females aggression, to avoid suffering it himself.

""Lets attack my family, please be nice to me""

#HarryandMeghanNetflix",2022-12-08T13:06:22.000Z,https://twitter.com/Cobratate/status/1600839200672473089
215,Andrew Tate,Top G Cars - Behind the scenes https://t.co/gk1l1jEeIg,2022-12-08T12:54:21.000Z,https://twitter.com/Cobratate/status/1600836176205971456
216,Andrew Tate,"Question your beliefs

Watch the full EM episode here:
https://t.co/LELFNWhPLs https://t.co/VaPt6NHDar",2022-12-08T10:18:57.000Z,https://twitter.com/Cobratate/status/1600797070146740224
217,Andrew Tate,"It is my moral obligation to try and wake you all up. 

When my children ask what I did during the great enslavement, I can tell them I helped anyone who would listen.",2022-12-07T19:09:16.000Z,https://twitter.com/Cobratate/status/1600568141955874820
218,Andrew Tate,What will Christians do? Nothing.,2022-12-07T18:11:12.000Z,https://twitter.com/Cobratate/status/1600553526903463938
219,Andrew Tate,G https://t.co/cgJTE9hUNm,2022-12-07T18:01:06.000Z,https://twitter.com/Cobratate/status/1600550984773562368
220,Andrew Tate,"Money is an amplifier.

See a rich dork get out of a Lambo. Super dork.
See a huge mafia guy get out of a Lambo. Killer. 

Those who say money doesnt make you happy - were always miserable.

Those who were happy broke - are VERY happy rich.",2022-12-07T17:33:25.000Z,https://twitter.com/Cobratate/status/1600544018899030017
221,Andrew Tate,"The only reason I am better than you is because I've suffered more than you.

All I've ever known is pain. https://t.co/84km8AVWk4",2022-12-07T16:54:35.000Z,https://twitter.com/Cobratate/status/1600534247416242184
222,Andrew Tate,"Most men sleep fine knowing their dreams will remain dreams.

But some men, refuse to have anything less than everything

We will either live the life of our dreams or die trying.

Will you?

https://t.co/66QzUzFIBj https://t.co/6G3V8dSftf",2022-12-07T10:41:58.000Z,https://twitter.com/Cobratate/status/1600440473100857345
223,Andrew Tate,"Andrew Tate topped Google‚Äôs 2022 category for trending ‚Äúwho is ‚Ä¶‚Äù questions. 

Most googled man alive.

I guess cancelling doesnt work on real Gs.

https://t.co/zt9tIHAurF",2022-12-07T09:29:25.000Z,https://twitter.com/Cobratate/status/1600422215144521733
224,Andrew Tate,"There is a small percentage of men in the world who want MORE.

Men who REFUSE to live a normal life, who REFUSE to be average or just above average.

Men who refuse to be anything less than SPECTACULAR.

There is a man out there who lives the life of YOUR dreams.",2022-12-06T22:55:09.000Z,https://twitter.com/Cobratate/status/1600262598691237888
225,Andrew Tate,"Isnt it amazing how the beautiful women are based and the ugly ones arnt.

https://t.co/kWAQOabQSz",2022-12-06T20:14:45.000Z,https://twitter.com/Cobratate/status/1600222230557782016
226,Andrew Tate,"Your life is what it‚Äôs like because of the influences you have.

You can‚Äôt NOT be influenced, but you can control what influences you.

DO YOU UNDERSTAND?",2022-12-06T17:06:37.000Z,https://twitter.com/Cobratate/status/1600174885266808833
227,Andrew Tate,"Physicality and mentality are linked

Watch the full EM episode here:
https://t.co/LELFNWhPLs https://t.co/UkGLj0LGRC",2022-12-06T15:42:53.000Z,https://twitter.com/Cobratate/status/1600153814887038976
228,Andrew Tate,Top G Cars - TransfƒÉgƒÉrƒÉ»ôan https://t.co/YLrL12jSH9,2022-12-06T12:50:27.000Z,https://twitter.com/Cobratate/status/1600110420592939008
229,Andrew Tate,"Take time to actually analyze WHY you do the things you do

Look at every decision and every belief about the world you hold

Now, look at everyone who influenced those

Are they where you want to be?

Is that who you want to be like?",2022-12-06T11:13:18.000Z,https://twitter.com/Cobratate/status/1600085972691128320
230,Andrew Tate,I have truly conquered the world.,2022-12-06T06:14:57.000Z,https://twitter.com/Cobratate/status/1600010887540219904
231,Andrew Tate,Cute pink gloves. Defo battle hardened.,2022-12-05T21:13:20.000Z,https://twitter.com/Cobratate/status/1599874585280671745
232,Andrew Tate,"She‚Äôs on the front line right now and not an actor psyop convincing men there will be cuties at war instead of death.

She certainly didn‚Äôt go home to the warm directly after this. 

Guess all those videos of men dying in freezing mud are fake.

Look how clean her uniform is.",2022-12-05T21:12:46.000Z,https://twitter.com/Cobratate/status/1599874442817335299
233,Andrew Tate,"I‚Äôve endured events that I remember and feel instant fear. 

ADRENALINE shocks my system. 

Then I pause. Remember I survived. 

And I can‚Äôt wipe the smile off my face. 

My memories are an indefatigable source of elation. 

Of relief. 

How could I ever be depressed?",2022-12-05T19:57:20.000Z,https://twitter.com/Cobratate/status/1599855459870986240
234,Andrew Tate,"You are being programmed.

You cannot stop it.

Everything you ARE stems from what you‚Äôve experienced.

It‚Äôs an unstoppable force like Gravity.

You cannot stop the programming but,

YOU can CHOOSE what you hear and experience.

You can choose WHAT and WHO programs your mind.",2022-12-05T17:59:17.000Z,https://twitter.com/Cobratate/status/1599825753339617280
235,Andrew Tate,ok,2022-12-05T15:07:09.000Z,https://twitter.com/Cobratate/status/1599782434878341121
236,Andrew Tate,We‚Äôre on the move. https://t.co/8smPKk17NN,2022-12-05T14:29:14.000Z,https://twitter.com/Cobratate/status/1599772890236612609
237,Andrew Tate,"Why would you take one multi vitamin instead of the whole bottle like a champion?

Who dies from vitamins lol.

You want to be strong or not?",2022-12-05T13:08:27.000Z,https://twitter.com/Cobratate/status/1599752561422045184
238,Andrew Tate,"We‚Äôre all in the battle against the Matrix

Watch the full EM episode here:
https://t.co/LELFNWhPLs https://t.co/9ml3gFZXNe",2022-12-05T10:17:17.000Z,https://twitter.com/Cobratate/status/1599709486565928961
239,Andrew Tate,"A man can be in the worst position and all he will say is ‚ÄúI‚Äôll take care of it‚Äù

He might be flat broke with no hope, but that‚Äôs what he will say.

And might get grumpy but somehow he always finds a way.

Respect to all the real men out there that do the impossible daily.",2022-12-05T09:15:32.000Z,https://twitter.com/Cobratate/status/1599693946384678913
240,Andrew Tate,"SUPER YACHT FINALE - CROATIA TAKE OVER

Tate Confidential Ep. 166

WATCH NOW:
https://t.co/qmpVVorqQx https://t.co/BI5jv78ihi",2022-12-02T19:15:01.000Z,https://twitter.com/Cobratate/status/1598757649205559306
241,Andrew Tate,"You can fight the realities of the world and lose. 

Or you can accept them and become successful.

You decide.",2022-12-02T18:27:23.000Z,https://twitter.com/Cobratate/status/1598745659636604928
242,Andrew Tate,"Use all that drama and put it into work

Watch the full interview here:
https://t.co/Ta7znCsRu6 https://t.co/50QVeuNkHJ",2022-12-02T16:04:31.000Z,https://twitter.com/Cobratate/status/1598709708050661376
243,Andrew Tate,Some men are born with a fire inside of them https://t.co/eYWEeagMJm,2022-12-02T14:48:16.000Z,https://twitter.com/Cobratate/status/1598690518875213826
244,Andrew Tate,G,2022-12-02T13:40:40.000Z,https://twitter.com/Cobratate/status/1598673504404127745
245,Andrew Tate,Cowardice is the modern plague of man.,2022-12-02T12:50:04.000Z,https://twitter.com/Cobratate/status/1598660773353607170
246,Andrew Tate,"If you miss payment or have a low account score you're put in jail with this video.

Two weeks to improve, otherwise you are ejected back to the Matrix and perma banned.

You will NEVER be able to join again.

Losers get kicked out.

Winners stay inside of https://t.co/8EUCQbL4Y0 https://t.co/9tz3kYGcBY",2022-12-02T10:11:42.000Z,https://twitter.com/Cobratate/status/1598620916837146624
247,Andrew Tate,Girls genuinely shooting their shot with Top G saying they agree with all I say and im the last real man on earth and they wish men were like me to be rejected for having the vaccine.,2022-12-02T09:45:09.000Z,https://twitter.com/Cobratate/status/1598614235545755649
248,Andrew Tate,I dont sleep with vaccinated women.,2022-12-02T09:28:34.000Z,https://twitter.com/Cobratate/status/1598610061726810114
249,Andrew Tate,Shotokan https://t.co/TanEX3XDQm,2022-12-01T20:20:49.000Z,https://twitter.com/Cobratate/status/1598411820678652022
250,Andrew Tate,HARAM,2022-12-01T18:31:19.000Z,https://twitter.com/Cobratate/status/1598384263820644352
251,Andrew Tate,POV: You're the Top G https://t.co/KWi7JClcbm,2022-12-01T18:19:24.000Z,https://twitter.com/Cobratate/status/1598381265622863886
252,Andrew Tate,"The best thing about being a man:

You get to build your character from the ground up

Watch the full interview here:
https://t.co/Ta7znCbgCy https://t.co/cyEd0Yu0za",2022-12-01T17:28:06.000Z,https://twitter.com/Cobratate/status/1598368354552643586
253,Andrew Tate,Nobody hires bumbaclarts.,2022-12-01T15:05:19.000Z,https://twitter.com/Cobratate/status/1598332423359578114
254,Andrew Tate,G,2022-12-01T15:04:44.000Z,https://twitter.com/Cobratate/status/1598332274776449024
255,Andrew Tate,"My homes, Romania and UAE - both have national patriotic days on December 1st.

My birthday is December 1st.

Cosmic symmetry.

I state as a matter of absolute fact if you live in a country which celebrates itself on the same day you celebrate yourself you gain magical powers.",2022-12-01T13:43:08.000Z,https://twitter.com/Cobratate/status/1598311741137494016
256,Andrew Tate,#HappyBirthdayTopG https://t.co/rFMdz6CJZQ,2022-12-01T13:13:48.000Z,https://twitter.com/Cobratate/status/1598304355559829506
257,Andrew Tate,HARAM. https://t.co/fHLWDHIUzM,2022-12-01T12:38:36.000Z,https://twitter.com/Cobratate/status/1598295498183823360
258,Andrew Tate,"KNOW THIS. 

Not everybody will rise today. 

Some will die as they sleep. 

Most will rise and their day will be wasted. 

VERY FEW MEN WILL RISE AND SHINE. 

I do BOTH. 

Day after fucking day.

I never waste a conscious SECOND.",2022-12-01T08:59:16.000Z,https://twitter.com/Cobratate/status/1598240303340613632
259,Andrew Tate,Fajr,2022-12-01T01:26:54.000Z,https://twitter.com/Cobratate/status/1598126459155283968
260,Andrew Tate,"What did Neo do to end up arrested by the agents and threatened? 

Nothing. 

He was simply awake. 

And once they know that you know how the world works. 

They come for you.",2022-11-30T19:26:11.000Z,https://twitter.com/Cobratate/status/1598035684593643521
261,Andrew Tate,Top G has an addiction https://t.co/W1Me3Ev4jw,2022-11-30T18:34:21.000Z,https://twitter.com/Cobratate/status/1598022638462709760
262,Andrew Tate,"Lone wolves survive.

Packs thrive.

You have no connections, you have no powerful or skillful friends.

How do you expect to know what's happening all around you when you can only look one direction at a time?

Learn More:
https://t.co/66QzUzoFzj",2022-11-30T17:16:51.000Z,https://twitter.com/Cobratate/status/1598003134865244160
263,Andrew Tate,"Im organising flying my Bugatti from Dubai to Qatar, turning up to the world cup with a 25 man security team to make sure peasants dont touch the car - VIP box and a fat cuban.

Will yell at the players below telling them how to win.

Just put the ball in the net dummies.

#TopG",2022-11-30T17:03:13.000Z,https://twitter.com/Cobratate/status/1597999705979441152
264,Andrew Tate,G and the Top G https://t.co/90UXgRZk1N,2022-11-30T15:37:30.000Z,https://twitter.com/Cobratate/status/1597978132136415233
265,Andrew Tate,Make your last name mean something. Only a coward doesn‚Äôt care.,2022-11-30T14:35:59.000Z,https://twitter.com/Cobratate/status/1597962651543703553
266,Andrew Tate,"I will emerge from the dark roach-infested dungeon more ninja than ever before.

They cannot break me",2023-01-13T19:56:28.000Z,https://twitter.com/Cobratate/status/1613988369524002832
267,Andrew Tate,"Reality is self-constructed. 

In my world, I am in absolute control every second. 

Do you use this power?",2023-01-13T18:29:42.000Z,https://twitter.com/Cobratate/status/1613966532714848257
268,Andrew Tate,"Competence satisfies your soul as a man

Watch the full interview here: 
https://t.co/rS2vYKJull https://t.co/57fMcP2k9h",2023-01-13T15:33:17.000Z,https://twitter.com/Cobratate/status/1613922137500164096
269,Andrew Tate,Seeds of doubt grow into forests of inaction.,2023-01-13T14:15:14.000Z,https://twitter.com/Cobratate/status/1613902495415209984
270,Andrew Tate,It‚Äôs called clown world because there will always be a large part of the population who believe in the circus.,2023-01-13T10:58:39.000Z,https://twitter.com/Cobratate/status/1613853022106288184
271,Andrew Tate,"Pitch black surrounded by cockroaches.

Unable to sleep, I hunt in the dark.

I await daybreak to count my kills.",2023-01-12T20:34:04.000Z,https://twitter.com/Cobratate/status/1613635442498277379
272,Andrew Tate,"I don't believe in faking it before you make it.

There is nothing ‚Äúfake‚Äù about belief.

You have to wait for the rest of the world to catch up with what you already know.

You have to see through time, act accordingly, and prepare a ‚Äútold you so‚Äù that eternally upsets doubters.",2023-01-12T18:26:33.000Z,https://twitter.com/Cobratate/status/1613603353665077274
273,Andrew Tate,"Stop for 10 seconds. 

Stop whatever you're doing, put your phone down. 

Clear your mind. 

Deep breath in and out. 

Do you notice how happy you feel? 

You've been happy all of this time, but you weren‚Äôt paying attention. Keep the smile. 

Then back to work. Let's fucking go.",2023-01-12T14:03:40.000Z,https://twitter.com/Cobratate/status/1613537196891410432
274,Andrew Tate,"How would you raise your children in the current world we live in?

Watch the full interview here: 
https://t.co/rS2vYKJull https://t.co/fRhvgOWnIF",2023-01-12T11:39:00.000Z,https://twitter.com/Cobratate/status/1613500788860411904
275,Andrew Tate,"Knowing how to control yourself is never a disadvantage. 

It doesn't matter how savage the situation - becoming savage is a choice. 

Staying calm is a choice.",2023-01-12T09:14:27.000Z,https://twitter.com/Cobratate/status/1613464412534317056
276,Andrew Tate,"ANDREW TATE TRIES TO BUY A TIGER

Tate Confidential Ep. 170

OUT NOW:
https://t.co/YVb64dNwlw https://t.co/q8EGHsonHU",2023-01-11T21:23:57.000Z,https://twitter.com/Cobratate/status/1613285609048625170
277,Andrew Tate,"It‚Äôs IMPOSSIBLE to not get everything you want if you truly work hard every day. 

Most of you just don‚Äôt work hard. 

The few who do, work hard on the wrong things. 

Fix this.",2023-01-11T18:41:14.000Z,https://twitter.com/Cobratate/status/1613244660134076434
278,Andrew Tate,"Happiness must be earned

Watch the full interview here: 
https://t.co/rS2vYKJull https://t.co/SKbxEbKOkp",2023-01-11T17:08:19.000Z,https://twitter.com/Cobratate/status/1613221279917608972
279,Andrew Tate,"Lol.

Even in Romanian Prison they talk about Logan Paul being a scammer.",2023-01-11T14:28:04.000Z,https://twitter.com/Cobratate/status/1613180950422212608
280,Andrew Tate,"You are the Matrix. You are an Agent.

But the Matrix is cracking.

And now you will pay the price.",2023-01-11T13:16:38.000Z,https://twitter.com/Cobratate/status/1613162974746742786
281,Andrew Tate,"My whole life everyone called me paranoid. 

They said I work too hard. 

They said it was impossible. 

They said I was worried about nothing. 

They said I was at War with an enemy that didn‚Äôt exist. 

They said I was rushing for no reason. 

Today? They just say I was right.",2023-01-11T10:22:52.000Z,https://twitter.com/Cobratate/status/1613119244190846976
282,Andrew Tate,"I believe that men have the divine imperative to become as capable, powerful and competent as possible in this life.",NA,NA
283,Andrew Tate,I reserve my human right to hold my own beliefs and practice them as I see fit and allow other people the same right to believe and act as they wish.,NA,NA
284,Andrew Tate,I prefer loving rewarding consensual relationships with beautiful positive and virtuous women.,NA,NA
285,Andrew Tate,I believe men and women are different and that each has their own unique and important strengths and abilities.,NA,NA
286,Andrew Tate,I believe men have the sacred duty to protect and provide for the important people in their lives.,NA,NA
287,Andrew Tate,I believe men have the sacred duty to protect the innocence and sanctity of their children and reserve the right and responsibility to raise their children as they see best to ensure their long-term happiness and success.,NA,NA
288,Andrew Tate,I believe that men have the sacred duty to raise strong capable and honorable sons.,NA,NA
289,Andrew Tate,I believe that men have the sacred duty to raise kind feminine and virtuous daughters.,NA,NA
290,Andrew Tate,I utterly disprove of violence within romantic or familiar relationships.,NA,NA
291,Andrew Tate,I support good and honest governments who will obey their laws.,NA,NA
292,Andrew Tate,I prefer to only conduct business dealings with trusted and vetted brothers.,NA,NA
293,Andrew Tate,I believe that a man has a sacred duty to hold true to his word and do exactly what he says he will do.,NA,NA
294,Andrew Tate,I believe that a man‚Äôs life is difficult and that he has a sacred duty to become strong to handle such difficulty.,NA,NA
295,Andrew Tate,I believe men are personally responsible for their actions and for the results they achieve in their lives.,NA,NA
296,Andrew Tate,I believe in emotional control and the vital need to become disciplined and professional in all things.,NA,NA
297,Andrew Tate,I believe that men have the sacred duty to approach everything in life from a position strength.,NA,NA
298,Andrew Tate,I believe that all men have the sacred duty to become men of upright and virtuous character and live above all possible reproach.,NA,NA
299,Andrew Tate,I believe it is incumbent upon me to ruthlessly identify my own weaknesses and limitations and I eagerly work to overcome them and become more capable in all realms.,NA,NA
300,Andrew Tate,"I seek to improve my personal freedom to think, act and live to my masculine imperative in all ways.",NA,NA
301,Andrew Tate,I believe each man has a sacred duty to mold the physical body into the strongest and most resilient and most capable version of itself.,NA,NA
302,Andrew Tate,I believe that men have the sacred duty to rigorously train themselves both physically and mentally every day.,NA,NA
303,Andrew Tate,I believe that I have the sacred duty to only eat the highest quality foods possible.,NA,NA
304,Andrew Tate,I reserve the right to protect the sanctity of my bloodstream and make my own decisions about medical care and procedures.,NA,NA
305,Andrew Tate,"I affirm the importance of endlessly improving my mental faculties through diligent work, study and practice.",NA,NA
306,Andrew Tate,I believe in acquiring wealth and abundance in order to improve my life and do good for those I care about.,NA,NA
307,Andrew Tate,I believe in the merits of healthy competition and constantly encourage all men to seek out competition to improve themselves.,NA,NA
308,Andrew Tate,"I believe that masculine brotherhood is essential to men‚Äôs mental health, happiness and success. And I relentlessly encourage men to meet together, train together and work together.",NA,NA
309,Andrew Tate,"I maintain the trust of my brothers through reverent silence, regarding our most sacred and shared experiences.",NA,NA
310,Andrew Tate,I believe in honoring my ancestors and living in a way that would make most of them proud of me today.,NA,NA
311,Andrew Tate,I reserve the right to administer difficult rites of passage for our young men to allow them to earn the rank of manhood.,NA,NA
312,Andrew Tate,I affirm the importance and need for travel and adventure as men.,NA,NA
313,Andrew Tate,"I seek to help men overcome poor mental health through embracing hard work, physical improvements and shared masculine brotherhood.",NA,NA
314,Andrew Tate,I reserve the right to make the best choices I can at the time to protect myself and respect my mental health.,NA,NA
315,Andrew Tate,I do good in the world and seek to help those less fortunate.,NA,NA
316,Andrew Tate,"I believe all men have the responsibility to lead and guide those they care about for greater health, prosperity, and happiness.",NA,NA
317,Andrew Tate,I choose to only interact with those who are respectful and civil to me in return for my own respectfulness and civility.,NA,NA
318,Andrew Tate,I reserve the freedom to speak and refer to others as I believe is best and most truthful.,NA,NA
319,Andrew Tate,"I reserve the right to choose my company and include only those whom I believe are best for my health, happiness and success.",NA,NA
320,Andrew Tate,"I believe I have an imperative to only spend my time that I determine is beneficial, uplifting and empowering to myself and others.",NA,NA
321,Andrew Tate,I choose to only allow myself to be influenced by those who I believe have my best interests in mind.,NA,NA
322,Andrew Tate,Each day I dedicate myself to create anew the greatest possible positive impact on the world and do the work necessary to achieve a greater masculine excellence across all realms of human endeavor.,NA,NA
